Summary,Issue key,Issue id,Parent id,Issue Type,Status,Project key,Project name,Project type,Project lead,Project lead id,Project description,Priority,Resolution,Assignee,Assignee Id,Reporter,Reporter Id,Creator,Creator Id,Created,Updated,Last Viewed,Resolved,Affects versions,Fix versions,Due date,Votes,Labels,Labels,Labels,Description,Environment,Watchers,Watchers Id,Original estimate,Remaining Estimate,Time Spent,Work Ratio,Σ Original Estimate,Σ Remaining Estimate,Σ Time Spent,Security Level,Inward issue link (Relates),Inward issue link (Relates),Outward issue link (Relates),Outward issue link (Relates),Outward issue link (Relates),Outward issue link (Relates),Outward issue link (Relates),Outward issue link (Relates),Outward issue link (Relates),Attachment,Attachment,Custom field (Actual end),Custom field (Actual start),Custom field (Change reason),Custom field (Change risk),Custom field (Change type),Custom field (Compass),Custom field (Development),Custom field (Epic Color),Custom field (Epic Link),Epic Link Summary,Custom field (Epic Name),Custom field (Epic Status),Custom field (Impact),Custom field (Issue color),Custom field (Locked forms),Custom field (Open forms),Custom field (Rank),Custom field (Request Type),Custom field (Severity),Sprint,Custom field (Start date),Custom field (Story Points),Custom field (Story point estimate),Custom field (Submitted forms),Custom field (Target end),Custom field (Target start),Custom field (Team),Custom field (Total forms),Custom field ([CHART] Date of First Response),Comment,Parent,Parent summary,Status Category
A customer can make more then 2 withdrawals/ 24 h,MTFP-67,10066,,Bug,To Do,MTFP,Manual Testing Final Project,software,Cismaru Ana Maria,712020:43b2ecce-d352-4fc6-88a5-2a8374526fbf,,Medium,,Cismaru Ana Maria,712020:43b2ecce-d352-4fc6-88a5-2a8374526fbf,Cismaru Ana Maria,712020:43b2ecce-d352-4fc6-88a5-2a8374526fbf,Cismaru Ana Maria,712020:43b2ecce-d352-4fc6-88a5-2a8374526fbf,12/Jun/23 8:08 PM,12/Jun/23 11:45 PM,13/Jun/23 5:15 PM,,,Create XYZ Bank application,,0,withdrawl,,,"*Preconditions *: customer account and bank account created.
A customer can not make  more then 2 withdrawals in 24h.
*Steps to reproduce*: Open the XYZ Bank app and select customer login section. Login into the account with valid customer and go to the withdraw subsection. Make 3 withdrawals with the amount less then the current balance.
*Expected result* : The customer can' t make more then 2 withdrawals in 24 h and a message is shown: You can not make more then 2 withdrawals in 24 h.
*Actual result*: All the 3 withdrawals succeed.",,Cismaru Ana Maria,712020:43b2ecce-d352-4fc6-88a5-2a8374526fbf,,,,,,,,,MTFP-22,,MTFP-65,,,,,,,12/Jun/23 8:08 PM;712020:43b2ecce-d352-4fc6-88a5-2a8374526fbf;withdrawal successfull.jpg;https://cismaruanamaria.atlassian.net/rest/api/3/attachment/content/10011,,,,,,,,,,MTFP-3,Create the Customer Login section ,,,,,,,0|i000bn:,,Moderate,MTFP Sprint 1,,,,,,,,,,,,,To Do
No message shown when a customer wants to make a 0 value deposit ,MTFP-66,10065,,Bug,To Do,MTFP,Manual Testing Final Project,software,Cismaru Ana Maria,712020:43b2ecce-d352-4fc6-88a5-2a8374526fbf,,Low,,Cismaru Ana Maria,712020:43b2ecce-d352-4fc6-88a5-2a8374526fbf,Cismaru Ana Maria,712020:43b2ecce-d352-4fc6-88a5-2a8374526fbf,Cismaru Ana Maria,712020:43b2ecce-d352-4fc6-88a5-2a8374526fbf,12/Jun/23 7:41 PM,12/Jun/23 10:37 PM,13/Jun/23 12:07 PM,,,Create XYZ Bank application,,0,deposit,,,"*Precondition*: customer account open/ bank account opend
When a customer wants to make a deposit, the amount should be minimum 1 Euro or minimum the equivalent of 1 Euro.
*Steps to reproduce:* open the XYZ Bank app, select the customer login and login into the app with user name. https://www.globalsqa.com/angularJs-protractor/BankingProject/#/listTx 
 Go to the Deposit subsection and enter the value 0 into the amount field, then press the deposit button.
*Expected result* : The deposit can t be done and a message is shown: ""Please fill the amount field with a value that s more then 1.
*Actual result*: You can t make the 0 value deposit, but no message is shown. The Deposit button just can t be enable.",,Cismaru Ana Maria,712020:43b2ecce-d352-4fc6-88a5-2a8374526fbf,,,,,,,,,MTFP-21,,MTFP-62,,,,,,,12/Jun/23 7:40 PM;712020:43b2ecce-d352-4fc6-88a5-2a8374526fbf;deposit 0 .jpg;https://cismaruanamaria.atlassian.net/rest/api/3/attachment/content/10010,,,,,,,,,,MTFP-3,Create the Customer Login section ,,,,,,,0|i000e7:,,Low,MTFP Sprint 1,,,,,,,,,,,,,To Do
Verify if a customer can make more then 2 withdrawals/24 h,MTFP-65,10064,,Test,Done,MTFP,Manual Testing Final Project,software,Cismaru Ana Maria,712020:43b2ecce-d352-4fc6-88a5-2a8374526fbf,,Medium,Done,Cismaru Ana Maria,712020:43b2ecce-d352-4fc6-88a5-2a8374526fbf,Cismaru Ana Maria,712020:43b2ecce-d352-4fc6-88a5-2a8374526fbf,Cismaru Ana Maria,712020:43b2ecce-d352-4fc6-88a5-2a8374526fbf,12/Jun/23 2:17 PM,12/Jun/23 11:01 PM,12/Jun/23 11:00 PM,12/Jun/23 8:01 PM,,,,0,,,,A customer can only make 2 withdrawals within 24 h.,,Cismaru Ana Maria,712020:43b2ecce-d352-4fc6-88a5-2a8374526fbf,,,,,,,,,MTFP-67,MTFP-22,,,,,,,,,,,,,,,,,,,,,,,,,,0|i000dz:,,,,,,,,,,,,,,,,Done
Verify if a customer can withdrawal an amount that is less then his current balance,MTFP-64,10063,,Test,Done,MTFP,Manual Testing Final Project,software,Cismaru Ana Maria,712020:43b2ecce-d352-4fc6-88a5-2a8374526fbf,,Medium,Done,Cismaru Ana Maria,712020:43b2ecce-d352-4fc6-88a5-2a8374526fbf,Cismaru Ana Maria,712020:43b2ecce-d352-4fc6-88a5-2a8374526fbf,Cismaru Ana Maria,712020:43b2ecce-d352-4fc6-88a5-2a8374526fbf,12/Jun/23 2:16 PM,12/Jun/23 11:01 PM,12/Jun/23 11:00 PM,12/Jun/23 7:50 PM,,,,0,,,,"* The Withdrawal section will display the amount to be Withdrawn message after pressing on the Withdrawal section. The customer should enter the amount he wants to withdrawn and if he has the amount into the bank account, the operantion will succede and the message “Transaction successful” will be shown, if not, then the message will be displayed: Transaction Fieled. You can not withdraw amount more then your current balance.",,Cismaru Ana Maria,712020:43b2ecce-d352-4fc6-88a5-2a8374526fbf,,,,,,,,,MTFP-22,,,,,,,,,,,,,,,,,,,,,,,,,,,0|i000dr:,,,,,,,,,,,,,,,,Done
Verify if a customer can withdrawal a bigger amount then his bank current balance,MTFP-63,10062,,Test,Done,MTFP,Manual Testing Final Project,software,Cismaru Ana Maria,712020:43b2ecce-d352-4fc6-88a5-2a8374526fbf,,High,Done,Cismaru Ana Maria,712020:43b2ecce-d352-4fc6-88a5-2a8374526fbf,Cismaru Ana Maria,712020:43b2ecce-d352-4fc6-88a5-2a8374526fbf,Cismaru Ana Maria,712020:43b2ecce-d352-4fc6-88a5-2a8374526fbf,12/Jun/23 2:15 PM,12/Jun/23 10:35 PM,12/Jun/23 11:01 PM,12/Jun/23 10:32 PM,,,,0,,,,"* The Withdrawal section will display the amount to be Withdrawn message after pressing on the Withdrawal section. The customer should enter the amount he wants to withdrawn and if he has the amount into the bank account, the operation will succeed and the message “Transaction successful” will be shown, if not, then the message will be displayed: Transaction Failed. You can not withdraw amount more then your current balance.",,Cismaru Ana Maria,712020:43b2ecce-d352-4fc6-88a5-2a8374526fbf,,,,,,,,,MTFP-22,,,,,,,,,,,,,,,,,,,,,,,,,,,0|i000dj:,,,,,,,,,,,,,,,,Done
Verify if a customer can make a 0 value deposit,MTFP-62,10061,,Test,Done,MTFP,Manual Testing Final Project,software,Cismaru Ana Maria,712020:43b2ecce-d352-4fc6-88a5-2a8374526fbf,,High,Done,Cismaru Ana Maria,712020:43b2ecce-d352-4fc6-88a5-2a8374526fbf,Cismaru Ana Maria,712020:43b2ecce-d352-4fc6-88a5-2a8374526fbf,Cismaru Ana Maria,712020:43b2ecce-d352-4fc6-88a5-2a8374526fbf,12/Jun/23 2:12 PM,12/Jun/23 10:37 PM,12/Jun/23 11:02 PM,12/Jun/23 7:33 PM,,,,0,,,,"* The customer can make a deposit by selecting the Deposit section. A filed will open with the Amount to be deposited name and he can enter there the amount he want to deposit into his own bank account. The amount will be numeric type can be only more then 1 Euro or the equivalent once, no 0 values. After the customer enters the amount he needs to press the Deposit button and a message will be seen : “Deposit Successful”.",,Cismaru Ana Maria,712020:43b2ecce-d352-4fc6-88a5-2a8374526fbf,,,,,,,,,MTFP-66,MTFP-21,,,,,,,,,,,,,,,,,,,,,,,,,,0|i000db:,,,,,,,,,,,,,,,,Done
Verify if a customer can make a deposit with minimum 1 Euro of the equivalent of 1 Euro,MTFP-61,10060,,Test,Done,MTFP,Manual Testing Final Project,software,Cismaru Ana Maria,712020:43b2ecce-d352-4fc6-88a5-2a8374526fbf,,Medium,Done,Cismaru Ana Maria,712020:43b2ecce-d352-4fc6-88a5-2a8374526fbf,Cismaru Ana Maria,712020:43b2ecce-d352-4fc6-88a5-2a8374526fbf,Cismaru Ana Maria,712020:43b2ecce-d352-4fc6-88a5-2a8374526fbf,12/Jun/23 2:11 PM,12/Jun/23 10:38 PM,12/Jun/23 11:01 PM,12/Jun/23 7:29 PM,,,,0,,,,* The customer can make a deposit by selecting the Deposit section. A filed will open with the Amount to be deposited name and he can enter there the amount he want to deposit into his own bank account. The amount will be numeric type can be only more then 1 Euro or the equivalent once. After the customer enters the amount he needs to press the Deposit button and a message will be seen : “Deposit Successful”.,,Cismaru Ana Maria,712020:43b2ecce-d352-4fc6-88a5-2a8374526fbf,,,,,,,,,MTFP-21,,,,,,,,,,,,,,,,,,,,,,,,,,,0|i000d3:,,,,,,,,,,,,,,,,Done
Check if the customer can go back to the Home menu by pressing the Back button,MTFP-60,10059,,Test,Done,MTFP,Manual Testing Final Project,software,Cismaru Ana Maria,712020:43b2ecce-d352-4fc6-88a5-2a8374526fbf,,Medium,Done,Cismaru Ana Maria,712020:43b2ecce-d352-4fc6-88a5-2a8374526fbf,Cismaru Ana Maria,712020:43b2ecce-d352-4fc6-88a5-2a8374526fbf,Cismaru Ana Maria,712020:43b2ecce-d352-4fc6-88a5-2a8374526fbf,12/Jun/23 2:09 PM,12/Jun/23 10:38 PM,12/Jun/23 11:02 PM,12/Jun/23 7:24 PM,,,,0,,,,"A customer has the possibility to go back to the Home menu by pressing the Back button,",,Cismaru Ana Maria,712020:43b2ecce-d352-4fc6-88a5-2a8374526fbf,,,,,,,,,MTFP-16,,,,,,,,,,,,,,,,,,,,,,,,,,,0|i000cv:,,,,,,,,,,,,,,,,Done
Verify if a customer can reset all his transactions using the Reset button,MTFP-59,10058,,Test,Done,MTFP,Manual Testing Final Project,software,Cismaru Ana Maria,712020:43b2ecce-d352-4fc6-88a5-2a8374526fbf,,Medium,Done,Cismaru Ana Maria,712020:43b2ecce-d352-4fc6-88a5-2a8374526fbf,Cismaru Ana Maria,712020:43b2ecce-d352-4fc6-88a5-2a8374526fbf,Cismaru Ana Maria,712020:43b2ecce-d352-4fc6-88a5-2a8374526fbf,12/Jun/23 2:08 PM,12/Jun/23 10:41 PM,12/Jun/23 11:02 PM,12/Jun/23 7:22 PM,,,,0,,,,"A customer has the possibility to reset all those transactions, by pressing the Reset button,",,Cismaru Ana Maria,712020:43b2ecce-d352-4fc6-88a5-2a8374526fbf,,,,,,,,,MTFP-20,,,,,,,,,,,,,,,,,,,,,,,,,,,0|i000cn:,,,,,,,,,,,,,,,,Done
Check if you can select a date-time from the calendar to show the transactions details,MTFP-58,10057,,Test,Done,MTFP,Manual Testing Final Project,software,Cismaru Ana Maria,712020:43b2ecce-d352-4fc6-88a5-2a8374526fbf,,Medium,Done,Cismaru Ana Maria,712020:43b2ecce-d352-4fc6-88a5-2a8374526fbf,Cismaru Ana Maria,712020:43b2ecce-d352-4fc6-88a5-2a8374526fbf,Cismaru Ana Maria,712020:43b2ecce-d352-4fc6-88a5-2a8374526fbf,12/Jun/23 2:07 PM,12/Jun/23 10:41 PM,12/Jun/23 11:02 PM,12/Jun/23 3:32 PM,,,,0,,,,* The customer will have two fields where he can choose the time x to time y that will shown the transactions that were made between that period.,,Cismaru Ana Maria,712020:43b2ecce-d352-4fc6-88a5-2a8374526fbf,,,,,,,,,MTFP-20,,,,,,,,,,,,,,,,,,,,,,,,,,,0|i000cf:,,,,,,,,,,,,,,,,Done
Verify if the Transaction subsection has all the required fields inserted,MTFP-57,10056,,Test,Done,MTFP,Manual Testing Final Project,software,Cismaru Ana Maria,712020:43b2ecce-d352-4fc6-88a5-2a8374526fbf,,Medium,Done,Cismaru Ana Maria,712020:43b2ecce-d352-4fc6-88a5-2a8374526fbf,Cismaru Ana Maria,712020:43b2ecce-d352-4fc6-88a5-2a8374526fbf,Cismaru Ana Maria,712020:43b2ecce-d352-4fc6-88a5-2a8374526fbf,12/Jun/23 2:05 PM,12/Jun/23 10:42 PM,12/Jun/23 11:03 PM,12/Jun/23 3:18 PM,,,,0,,,,"* Transactions – this section will show all the transaction that the customer has made by deposit or by withdrawal money. The transaction section will shown the following fields: Date-Time – that will show when the transaction was made by date and hour, the amount – will display the amount of money that were in the transaction and the Transaction type that will be either credit or debit type.",,Cismaru Ana Maria,712020:43b2ecce-d352-4fc6-88a5-2a8374526fbf,,,,,,,,,MTFP-20,,,,,,,,,,,,,,,,,,,,,,,,,,,0|i000c7:,,,,,,,,,,,,,,,,Done
Check if the customer can logout from the app using the Logout button,MTFP-56,10055,,Test,Done,MTFP,Manual Testing Final Project,software,Cismaru Ana Maria,712020:43b2ecce-d352-4fc6-88a5-2a8374526fbf,,Medium,Done,Cismaru Ana Maria,712020:43b2ecce-d352-4fc6-88a5-2a8374526fbf,Cismaru Ana Maria,712020:43b2ecce-d352-4fc6-88a5-2a8374526fbf,Cismaru Ana Maria,712020:43b2ecce-d352-4fc6-88a5-2a8374526fbf,12/Jun/23 2:03 PM,12/Jun/23 10:43 PM,12/Jun/23 11:03 PM,12/Jun/23 2:32 PM,,,,0,,,,"When a customer login into the XYZ Bank application, after he checks everything the user needs, he can logout from the XYZ Bank app using the Logout button",,Cismaru Ana Maria,712020:43b2ecce-d352-4fc6-88a5-2a8374526fbf,,,,,,,,,MTFP-16,,,,,,,,,,,,,,,,,,,,,,,,,,,0|i000bz:,,,,,,,,,,,,,,,,Done
Verify if the customer can login into the XYZ Bank  app,MTFP-55,10054,,Test,Done,MTFP,Manual Testing Final Project,software,Cismaru Ana Maria,712020:43b2ecce-d352-4fc6-88a5-2a8374526fbf,,Highest,Done,Cismaru Ana Maria,712020:43b2ecce-d352-4fc6-88a5-2a8374526fbf,Cismaru Ana Maria,712020:43b2ecce-d352-4fc6-88a5-2a8374526fbf,Cismaru Ana Maria,712020:43b2ecce-d352-4fc6-88a5-2a8374526fbf,12/Jun/23 1:59 PM,12/Jun/23 10:44 PM,12/Jun/23 10:44 PM,12/Jun/23 2:28 PM,,,,0,CustomerLogin,,,"The customer can login and use the app only after the bank manager will create an customer account for him. After the customer is created into the system, the customer, client, can login by himself into the application by follow the next steps:

Go to the app: [+XYZ Bank (globalsqa.com)+|https://www.globalsqa.com/angularJs-protractor/BankingProject/#/account] select the customer login field, after that, select his own name in the field your name and press the Login button.

The customer section will then show the following fields: Transactions, Deposit, Withdrawal - section that the customer can check, the Logout and Home button.

The account number, balance and currency will be also shown with the details of the moment shown.",,Cismaru Ana Maria,712020:43b2ecce-d352-4fc6-88a5-2a8374526fbf,,,,,,,,,MTFP-19,,,,,,,,,,,,,,,,,,,,,,,,,,,0|i000br:,,,,,,,,,,,,,,,,Done
Customer subsection of Bank Manager doesn't have all the required fields inserted into the modal.,MTFP-54,10053,,Bug,To Do,MTFP,Manual Testing Final Project,software,Cismaru Ana Maria,712020:43b2ecce-d352-4fc6-88a5-2a8374526fbf,,High,,,,Cismaru Ana Maria,712020:43b2ecce-d352-4fc6-88a5-2a8374526fbf,Cismaru Ana Maria,712020:43b2ecce-d352-4fc6-88a5-2a8374526fbf,12/Jun/23 1:51 AM,12/Jun/23 10:39 PM,13/Jun/23 12:06 PM,,,Create XYZ Bank application,,0,Customer,,,"*Precondition:* Bank manager account created/ customer account created

When a bank manager user checks the database, it has to show to the user some valid and specific details about the customer's account.
*Steps to reproduce: *Open the XYZ Bank account, login into the bank manager section using valid credentials, select the customer subsection and check if all the required fields exists: Customer id, first name, last name, ssn, account number, currency, delete button
*Expected result: * Customer subsection opens and all the fields are inserted into the modal.
*Actual result:* Into the Customer modal the Customer ID, SSN does not exists.",,Cismaru Ana Maria,712020:43b2ecce-d352-4fc6-88a5-2a8374526fbf,,,,,,,,,MTFP-16,,MTFP-52,,,,,,,12/Jun/23 1:50 AM;712020:43b2ecce-d352-4fc6-88a5-2a8374526fbf;customer subsection.jpg;https://cismaruanamaria.atlassian.net/rest/api/3/attachment/content/10009,,,,,,,,,,MTFP-2,Create the Bank Manager Login section,,,,,,,0|i000bj:,,Major,MTFP Sprint 1,,,,,,,,,,,,,To Do
Verify if you can Delete a customer from the database using the Delete button,MTFP-53,10052,,Test,Done,MTFP,Manual Testing Final Project,software,Cismaru Ana Maria,712020:43b2ecce-d352-4fc6-88a5-2a8374526fbf,,Medium,Done,Cismaru Ana Maria,712020:43b2ecce-d352-4fc6-88a5-2a8374526fbf,Cismaru Ana Maria,712020:43b2ecce-d352-4fc6-88a5-2a8374526fbf,Cismaru Ana Maria,712020:43b2ecce-d352-4fc6-88a5-2a8374526fbf,12/Jun/23 1:21 AM,12/Jun/23 10:45 PM,12/Jun/23 11:03 PM,12/Jun/23 1:32 AM,,,,0,,,,"* Delete customer – when the bank manager want s to delete a customer, he can be able to do that only by pressing the delete button. The delete button will be used only by the authorized personal, in the limit of the low, based on the bank protocol that exists.",,Cismaru Ana Maria,712020:43b2ecce-d352-4fc6-88a5-2a8374526fbf,,,,,,,,,MTFP-16,,,,,,,,,,,,,,,,,,,,,,,,,,,0|i000bb:,,,,,,,,,,,,,,,,Done
Verify if the Customer subsection has all the required fields inserted,MTFP-52,10051,,Test,Done,MTFP,Manual Testing Final Project,software,Cismaru Ana Maria,712020:43b2ecce-d352-4fc6-88a5-2a8374526fbf,,High,Done,Cismaru Ana Maria,712020:43b2ecce-d352-4fc6-88a5-2a8374526fbf,Cismaru Ana Maria,712020:43b2ecce-d352-4fc6-88a5-2a8374526fbf,Cismaru Ana Maria,712020:43b2ecce-d352-4fc6-88a5-2a8374526fbf,12/Jun/23 1:20 AM,12/Jun/23 11:05 PM,12/Jun/23 11:04 PM,12/Jun/23 1:41 AM,,,,0,AddCustomer,,,"When pressing the customer section it should be a list with all the customers that have been created and the list should contain the details of the customer and the possibility to delete the customer from the bank fields. 

The required fields to be completed are:

* Customer Id
* First name
* Last Name
* SSN
* Account Number
* Currency
* Delete button",,Cismaru Ana Maria,712020:43b2ecce-d352-4fc6-88a5-2a8374526fbf,,,,,,,,,MTFP-54,MTFP-16,,,,,,,,,,,,,,,,,,,,,,,,,,0|i000b3:,,,,,,,,,,,,,,,,Done
"Verify if you can search a customer into the search customer field, Customers subsection, Bank Manager section",MTFP-51,10050,,Test,Done,MTFP,Manual Testing Final Project,software,Cismaru Ana Maria,712020:43b2ecce-d352-4fc6-88a5-2a8374526fbf,,Medium,Done,Cismaru Ana Maria,712020:43b2ecce-d352-4fc6-88a5-2a8374526fbf,Cismaru Ana Maria,712020:43b2ecce-d352-4fc6-88a5-2a8374526fbf,Cismaru Ana Maria,712020:43b2ecce-d352-4fc6-88a5-2a8374526fbf,12/Jun/23 1:17 AM,12/Jun/23 10:53 PM,12/Jun/23 11:04 PM,12/Jun/23 1:26 AM,,,,0,CustomerLogin,,,As a bank manager user you have the possibility to select a customer from the database using the select customer field.,,Cismaru Ana Maria,712020:43b2ecce-d352-4fc6-88a5-2a8374526fbf,,,,,,,,,MTFP-16,,,,,,,,,,,,,,,,,,,,,,,,,,,0|i000av:,,,,,,,,,,,,,,,,Done
Customer is force to open an account only in 3 currency types instead of all 200 world wide used.,MTFP-50,10049,,Bug,In Progress,MTFP,Manual Testing Final Project,software,Cismaru Ana Maria,712020:43b2ecce-d352-4fc6-88a5-2a8374526fbf,,High,,,,Cismaru Ana Maria,712020:43b2ecce-d352-4fc6-88a5-2a8374526fbf,Cismaru Ana Maria,712020:43b2ecce-d352-4fc6-88a5-2a8374526fbf,12/Jun/23 12:52 AM,12/Jun/23 12:53 AM,13/Jun/23 12:05 PM,,,Create XYZ Bank application,,0,OpenAccount,,,"*Precondition:* Bank manager account created/ customer account created

When a new account needs to be opened for a customer, it needs to enter some specific details of a customer, that are only his.
*Steps to reproduce*: Open the XYZ Bank account, login into the bank manager section using valid credentials, select the open account subsection and check if you can select any currency of all 200 used world wide.
*Expected result: *Open Account subsection opens and the field currency contains all the 200 currency types that are in use world wide.
*Actual result:* A new account can be opened only in 3 currency types: dollar, rupee, pound",,Cismaru Ana Maria,712020:43b2ecce-d352-4fc6-88a5-2a8374526fbf,,,,,,,,,MTFP-11,,MTFP-45,,,,,,,12/Jun/23 12:51 AM;712020:43b2ecce-d352-4fc6-88a5-2a8374526fbf;currency.jpg;https://cismaruanamaria.atlassian.net/rest/api/3/attachment/content/10008,,,,,,,,,,MTFP-2,Create the Bank Manager Login section,,,,,,,0|i000an:,,Major,MTFP Sprint 1,,,,,,,,,,,,,In Progress
Open Account subsection does not have all the required fields inserted,MTFP-49,10048,,Bug,Done,MTFP,Manual Testing Final Project,software,Cismaru Ana Maria,712020:43b2ecce-d352-4fc6-88a5-2a8374526fbf,,Highest,Done,Cismaru Ana Maria,712020:43b2ecce-d352-4fc6-88a5-2a8374526fbf,Cismaru Ana Maria,712020:43b2ecce-d352-4fc6-88a5-2a8374526fbf,Cismaru Ana Maria,712020:43b2ecce-d352-4fc6-88a5-2a8374526fbf,12/Jun/23 12:39 AM,12/Jun/23 10:39 PM,13/Jun/23 12:04 PM,12/Jun/23 12:42 AM,,Create XYZ Bank application,,0,OpenAccount,,,"*Precondition*: Bank manager account created/ customer account created

When a new account needs to be opened for a customer, it needs to enter some specific details of a customer, that are only his.
*Steps to reproduce:* Open the XYZ Bank account, login into the bank manager section using valid credentials, select the open account subsection and check if all the fields needed to create an account are inserted: customer, currency, personal numeric code, process button.
*Expected result:* Open Account subsection opens and the modal contains the following fields: Customer, Currency, Personal Numeric Code, Process button
*Actual result:* In the open account subsection the Personal Numeric Code field does not exist.",,Cismaru Ana Maria,712020:43b2ecce-d352-4fc6-88a5-2a8374526fbf,,,,,,,,,MTFP-44,MTFP-11,MTFP-44,,,,,,,12/Jun/23 12:38 AM;712020:43b2ecce-d352-4fc6-88a5-2a8374526fbf;currency.jpg;https://cismaruanamaria.atlassian.net/rest/api/3/attachment/content/10007,,,,,,,,,,MTFP-2,Create the Bank Manager Login section,,,,,,,0|i000af:,,Critical,MTFP Sprint 1,,,,,,,,,,12/Jun/23 12:42 AM;712020:43b2ecce-d352-4fc6-88a5-2a8374526fbf;The bug was fixed and the testing process can continue. ,,,Done
Verify if you can open an account entering valid customer and a currency,MTFP-48,10047,,Test,Done,MTFP,Manual Testing Final Project,software,Cismaru Ana Maria,712020:43b2ecce-d352-4fc6-88a5-2a8374526fbf,,High,Done,Cismaru Ana Maria,712020:43b2ecce-d352-4fc6-88a5-2a8374526fbf,Cismaru Ana Maria,712020:43b2ecce-d352-4fc6-88a5-2a8374526fbf,Cismaru Ana Maria,712020:43b2ecce-d352-4fc6-88a5-2a8374526fbf,12/Jun/23 12:19 AM,12/Jun/23 10:52 PM,12/Jun/23 11:04 PM,12/Jun/23 1:09 AM,,,,0,Currency,OpenAccount,,A new account will be opened by the time all the fields will be completed with valid details.,,Cismaru Ana Maria,712020:43b2ecce-d352-4fc6-88a5-2a8374526fbf,,,,,,,,,MTFP-11,,,,,,,,,,,,,,,,,,,,,,,,,,,0|i000a7:,,,,,,,,,,,,,,,,Done
Verify if you can open an account without selecting a currency,MTFP-47,10046,,Test,Done,MTFP,Manual Testing Final Project,software,Cismaru Ana Maria,712020:43b2ecce-d352-4fc6-88a5-2a8374526fbf,,High,Done,Cismaru Ana Maria,712020:43b2ecce-d352-4fc6-88a5-2a8374526fbf,Cismaru Ana Maria,712020:43b2ecce-d352-4fc6-88a5-2a8374526fbf,Cismaru Ana Maria,712020:43b2ecce-d352-4fc6-88a5-2a8374526fbf,12/Jun/23 12:18 AM,12/Jun/23 10:52 PM,12/Jun/23 11:05 PM,12/Jun/23 1:02 AM,,,,0,Currency,OpenAccount,,,,Cismaru Ana Maria,712020:43b2ecce-d352-4fc6-88a5-2a8374526fbf,,,,,,,,,MTFP-11,,,,,,,,,,,,,,,,,,,,,,,,,,,0|i0009z:,,,,,,,,,,,,,,,,Done
Verify if you can open an account without selecting the customer,MTFP-46,10045,,Test,Done,MTFP,Manual Testing Final Project,software,Cismaru Ana Maria,712020:43b2ecce-d352-4fc6-88a5-2a8374526fbf,,High,Done,Cismaru Ana Maria,712020:43b2ecce-d352-4fc6-88a5-2a8374526fbf,Cismaru Ana Maria,712020:43b2ecce-d352-4fc6-88a5-2a8374526fbf,Cismaru Ana Maria,712020:43b2ecce-d352-4fc6-88a5-2a8374526fbf,12/Jun/23 12:17 AM,12/Jun/23 10:51 PM,12/Jun/23 11:04 PM,12/Jun/23 12:58 AM,,,,0,OpenAccount,,,* Customer – you should choose the new customer’s name that you have created previously. You can either type or select it from the drop down. This field is a required field.,,Cismaru Ana Maria,712020:43b2ecce-d352-4fc6-88a5-2a8374526fbf,,,,,,,,,MTFP-11,,,,,,,,,,,,,,,,,,,,,,,,,,,0|i0009r:,,,,,,,,,,,,,,,,Done
Verify if open account is possible in any currency that are in use in the world at this time,MTFP-45,10044,,Test,Done,MTFP,Manual Testing Final Project,software,Cismaru Ana Maria,712020:43b2ecce-d352-4fc6-88a5-2a8374526fbf,,Medium,Done,Cismaru Ana Maria,712020:43b2ecce-d352-4fc6-88a5-2a8374526fbf,Cismaru Ana Maria,712020:43b2ecce-d352-4fc6-88a5-2a8374526fbf,Cismaru Ana Maria,712020:43b2ecce-d352-4fc6-88a5-2a8374526fbf,12/Jun/23 12:13 AM,12/Jun/23 10:51 PM,12/Jun/23 11:05 PM,12/Jun/23 12:45 AM,,,,0,Currency,OpenAccount,,* Currency: - you should be able to choose from the drop down the actual currency that you want your account to have. You can choose it from the drop down list with all the currency existing at this time. This field is a required field.,,Cismaru Ana Maria,712020:43b2ecce-d352-4fc6-88a5-2a8374526fbf,,,,,,,,,MTFP-50,MTFP-11,,,,,,,,,,,,,,,,,,,,,,,,,,0|i0009j:,,,,,,,,,,,,,,,,Done
Verify if the Open Account subsection has all the required fields,MTFP-44,10043,,Test,Done,MTFP,Manual Testing Final Project,software,Cismaru Ana Maria,712020:43b2ecce-d352-4fc6-88a5-2a8374526fbf,,Medium,Done,Cismaru Ana Maria,712020:43b2ecce-d352-4fc6-88a5-2a8374526fbf,Cismaru Ana Maria,712020:43b2ecce-d352-4fc6-88a5-2a8374526fbf,Cismaru Ana Maria,712020:43b2ecce-d352-4fc6-88a5-2a8374526fbf,12/Jun/23 12:11 AM,12/Jun/23 10:51 PM,12/Jun/23 10:49 PM,12/Jun/23 12:41 AM,,,,0,OpenAccount,,," Open Account section:
When pressing the open account section, the following fields will appear into the modal: 
* Customer
* Currency
* Personal numeric code
* Process button",,Cismaru Ana Maria,712020:43b2ecce-d352-4fc6-88a5-2a8374526fbf,,,,,,,,,MTFP-49,MTFP-11,MTFP-49,,,,,,,,,,,,,,,,,,,,,,,,,0|i0009b:,,,,,,,,,,,,,,,,Done
Verify if you can add customer duplicating another that already exists,MTFP-43,10042,,Test,Done,MTFP,Manual Testing Final Project,software,Cismaru Ana Maria,712020:43b2ecce-d352-4fc6-88a5-2a8374526fbf,,Highest,Done,Cismaru Ana Maria,712020:43b2ecce-d352-4fc6-88a5-2a8374526fbf,Cismaru Ana Maria,712020:43b2ecce-d352-4fc6-88a5-2a8374526fbf,Cismaru Ana Maria,712020:43b2ecce-d352-4fc6-88a5-2a8374526fbf,11/Jun/23 2:16 PM,12/Jun/23 10:50 PM,12/Jun/23 10:47 PM,11/Jun/23 11:58 PM,,,,0,,,,"You cannot add the same customer twice. It is possible to match both first and last name, but not the Post code. If it does, if they are family relates, you need to go to the XYZ Bank's office in California and made one using some special differences.",,Cismaru Ana Maria,712020:43b2ecce-d352-4fc6-88a5-2a8374526fbf,,,,,,,,,MTFP-4,,,,,,,,,,,,,,,,,,,,,,,,,,,0|i00093:,,,,,,,,,,,,,,,,Done
Verify if you can add a customer without complete the Post Code field,MTFP-42,10041,,Test,Done,MTFP,Manual Testing Final Project,software,Cismaru Ana Maria,712020:43b2ecce-d352-4fc6-88a5-2a8374526fbf,,High,Done,Cismaru Ana Maria,712020:43b2ecce-d352-4fc6-88a5-2a8374526fbf,Cismaru Ana Maria,712020:43b2ecce-d352-4fc6-88a5-2a8374526fbf,Cismaru Ana Maria,712020:43b2ecce-d352-4fc6-88a5-2a8374526fbf,11/Jun/23 2:01 PM,12/Jun/23 10:50 PM,12/Jun/23 10:46 PM,11/Jun/23 2:06 PM,,,,0,AddCustomer,,,,,Cismaru Ana Maria,712020:43b2ecce-d352-4fc6-88a5-2a8374526fbf,,,,,,,,,MTFP-4,,,,,,,,,,,,,,,,,,,,,,,,,,,0|i0008v:,,,,,,,,,,,,,,,,Done
Verify if you can add a customer without complete the LastName field,MTFP-41,10040,,Test,Done,MTFP,Manual Testing Final Project,software,Cismaru Ana Maria,712020:43b2ecce-d352-4fc6-88a5-2a8374526fbf,,High,Done,Cismaru Ana Maria,712020:43b2ecce-d352-4fc6-88a5-2a8374526fbf,Cismaru Ana Maria,712020:43b2ecce-d352-4fc6-88a5-2a8374526fbf,Cismaru Ana Maria,712020:43b2ecce-d352-4fc6-88a5-2a8374526fbf,11/Jun/23 1:52 PM,12/Jun/23 10:49 PM,12/Jun/23 10:49 PM,11/Jun/23 1:59 PM,,,,0,AddCustomer,,,"Last name: the customer should enter his real last name and it will be a string type. The field it’s a required field, so a new customer can’t be created without complete the field.",,Cismaru Ana Maria,712020:43b2ecce-d352-4fc6-88a5-2a8374526fbf,,,,,,,,,MTFP-4,,,,,,,,,,,,,,,,,,,,,,,,,,,0|i0008n:,,,,,,,,,,,,,,,,Done
Verify if you can add a customer without complete the First Name field ,MTFP-40,10039,,Test,Done,MTFP,Manual Testing Final Project,software,Cismaru Ana Maria,712020:43b2ecce-d352-4fc6-88a5-2a8374526fbf,,High,Done,Cismaru Ana Maria,712020:43b2ecce-d352-4fc6-88a5-2a8374526fbf,Cismaru Ana Maria,712020:43b2ecce-d352-4fc6-88a5-2a8374526fbf,Cismaru Ana Maria,712020:43b2ecce-d352-4fc6-88a5-2a8374526fbf,11/Jun/23 1:36 PM,12/Jun/23 10:49 PM,12/Jun/23 10:48 PM,11/Jun/23 1:43 PM,,,,0,AddCustomer,,,"First name field: the customer should enter his real first name and it will be a string type. The field it’s a required field, so a new customer can’t be created without complete the field. ",,Cismaru Ana Maria,712020:43b2ecce-d352-4fc6-88a5-2a8374526fbf,,,,,,,,,MTFP-4,,,,,,,,,,,,,,,,,,,,,,,,,,,0|i0008f:,,,,,,,,,,,,,,,,Done
Verify if you can add a customer using valid details,MTFP-39,10038,,Test,Done,MTFP,Manual Testing Final Project,software,Cismaru Ana Maria,712020:43b2ecce-d352-4fc6-88a5-2a8374526fbf,,Highest,Done,Cismaru Ana Maria,712020:43b2ecce-d352-4fc6-88a5-2a8374526fbf,Cismaru Ana Maria,712020:43b2ecce-d352-4fc6-88a5-2a8374526fbf,Cismaru Ana Maria,712020:43b2ecce-d352-4fc6-88a5-2a8374526fbf,11/Jun/23 12:28 AM,11/Jun/23 2:09 PM,12/Jun/23 10:48 PM,11/Jun/23 2:09 PM,,,,0,AddCustomer,,,"    • First name field: the customer should enter his real first name and it will be a string type. The field it’s a required field, so a new customer can’t be created without complete the field. 
    • Last name: the customer should enter his real last name and it will be a string type. The field it’s a required field, so a new customer can’t be created without complete the field.
    • Post code: the customer should enter his post code, that will be formed only by numeric characters. The field it’s a required field, so a new customer can’t be created without complete the field.",,Cismaru Ana Maria,712020:43b2ecce-d352-4fc6-88a5-2a8374526fbf,,,,,,,,,MTFP-4,,,,,,,,,,,,,,,,,,,MTFP-2,Create the Bank Manager Login section,,,,,,,0|i00087:,,,,,,,,,,,,,,,,Done
The Add customer subsection does not have all the required fields added into the modal,MTFP-38,10037,,Bug,In Progress,MTFP,Manual Testing Final Project,software,Cismaru Ana Maria,712020:43b2ecce-d352-4fc6-88a5-2a8374526fbf,,Highest,,Cismaru Ana Maria,712020:43b2ecce-d352-4fc6-88a5-2a8374526fbf,Cismaru Ana Maria,712020:43b2ecce-d352-4fc6-88a5-2a8374526fbf,Cismaru Ana Maria,712020:43b2ecce-d352-4fc6-88a5-2a8374526fbf,11/Jun/23 12:07 AM,11/Jun/23 1:28 PM,13/Jun/23 12:03 PM,,,Create XYZ Bank application,,0,AddCustomer,,,"*Preconditions *: The bank manager user is created
*Steps to reproduce* Open the XYZ Bank app https://www.globalsqa.com/angularJs-protractor/BankingProject/#/login, select the bank manager section, enter the valid credentials and press the login button. After the bank manager account opens, verify if the add customer sub section has all the required fields into the modal.
*Expected result* the user opens the XYZ Bank app, login with the valid credentials into the bank manager section and when the add customer subsection is selected, the following fields appear into the modal : first name, lastname, post code, ssn, email address, add customer button.
*Actual result* The user can open the XYZ Bank app, logins into the bank manager section without entering valid credentials and the only fields into the modal are: first name, last name, post code and add customer button.",,Cismaru Ana Maria,712020:43b2ecce-d352-4fc6-88a5-2a8374526fbf,,,,,,,,,MTFP-4,MTFP-35,MTFP-37,,,,,,,11/Jun/23 12:06 AM;712020:43b2ecce-d352-4fc6-88a5-2a8374526fbf;add customerUntitled.jpg;https://cismaruanamaria.atlassian.net/rest/api/3/attachment/content/10006,,,,,,,,,,MTFP-2,Create the Bank Manager Login section,,,,,,,0|i0007z:,,Critical,MTFP Sprint 1,,,,,,,,,,,,,In Progress
Verify if the Add customer subsection has all the required fields,MTFP-37,10036,,Test,Done,MTFP,Manual Testing Final Project,software,Cismaru Ana Maria,712020:43b2ecce-d352-4fc6-88a5-2a8374526fbf,,Highest,Done,Cismaru Ana Maria,712020:43b2ecce-d352-4fc6-88a5-2a8374526fbf,Cismaru Ana Maria,712020:43b2ecce-d352-4fc6-88a5-2a8374526fbf,Cismaru Ana Maria,712020:43b2ecce-d352-4fc6-88a5-2a8374526fbf,10/Jun/23 11:15 PM,11/Jun/23 1:26 PM,12/Jun/23 10:46 PM,11/Jun/23 1:21 PM,,,,0,AddCustomer,BankManager,," Add Customer – when pressing the add customer button, the app will open the fields to can create a new customer. The modal will contain: 
* First name
* Last name
* Post Code
* SSN
* Email address
* Add customer button enable",,Cismaru Ana Maria,712020:43b2ecce-d352-4fc6-88a5-2a8374526fbf,,,,,,,,,MTFP-4,MTFP-38,,,,,,,,,,,,,,,,,,MTFP-2,Create the Bank Manager Login section,,,,,,,0|i0007r:,,,,,,,,,,,,,,,,Done
[Documentation issue] Lake of information in Customer and Bank manager login section,MTFP-36,10035,,Bug,Done,MTFP,Manual Testing Final Project,software,Cismaru Ana Maria,712020:43b2ecce-d352-4fc6-88a5-2a8374526fbf,,Highest,Done,Cismaru Ana Maria,712020:43b2ecce-d352-4fc6-88a5-2a8374526fbf,Cismaru Ana Maria,712020:43b2ecce-d352-4fc6-88a5-2a8374526fbf,Cismaru Ana Maria,712020:43b2ecce-d352-4fc6-88a5-2a8374526fbf,10/Jun/23 10:57 PM,13/Jun/23 12:03 PM,13/Jun/23 12:00 PM,10/Jun/23 10:58 PM,,Create XYZ Bank application,,0,AddCustomer,,,"Document reviewed was the documentation for the XYZ Bank app: [https://github.com/CismaruAnaMaria/manual_testing_project/blob/main/Documentatie%20pt%20xyz%20bank.docx|https://github.com/CismaruAnaMaria/manual_testing_project/blob/main/Documentatie%20pt%20xyz%20bank.docx|smart-link] 

Issues raised: 

* The deposit/day by the customer must to be more then 1 Euro or the equivalent once;
* The customer can make 2 withdrawal/ day
* Into the Add customer section, both first and last name of a new customer added must be string, because people can have the right to choose their own name or their kids name’s.",,Cismaru Ana Maria,712020:43b2ecce-d352-4fc6-88a5-2a8374526fbf,,,,,,,,,MTFP-19,,,,,,,,,,,,,,,,,,,MTFP-3,Create the Customer Login section ,,,,,,,0|i0006z:,,Critical,MTFP Sprint 1,,,,,,,,,,"10/Jun/23 11:00 PM;712020:43b2ecce-d352-4fc6-88a5-2a8374526fbf;The documentation was reviewed by the stakeholders, project manager, product manager and a new documentation was released to be checked: [New documentation for  xyz bank.docx|https://github.com/CismaruAnaMaria/manual_testing_project/files/11713219/New.documentation.for.xyz.bank.docx]",,,Done
The Bank manager login section can be accessed without entering any valid credentials.,MTFP-35,10034,,Bug,Done,MTFP,Manual Testing Final Project,software,Cismaru Ana Maria,712020:43b2ecce-d352-4fc6-88a5-2a8374526fbf,,Highest,Done,Cismaru Ana Maria,712020:43b2ecce-d352-4fc6-88a5-2a8374526fbf,Cismaru Ana Maria,712020:43b2ecce-d352-4fc6-88a5-2a8374526fbf,Cismaru Ana Maria,712020:43b2ecce-d352-4fc6-88a5-2a8374526fbf,09/Jun/23 3:12 PM,11/Jun/23 1:20 PM,13/Jun/23 12:00 PM,09/Jun/23 3:25 PM,Create XYZ Bank application,Create XYZ Bank application,,0,,,,"As a bank manager user I want to be able to login into my account using valid credentials.
*Preconditions*: User created, use username: JohnMalkovici and password: Johnswife2
*Steps to reproduce*: go to the XYZ bank app and click on the Bank Manager Login section, enter the valid credentials from the preconditions and press the Login button.
*Expected result*: The login section with the username and password required is open and after entering the valid credentials and press the login  button, the bank manager account will open.
*Actual result*: After the user selects the Bank Manager Login section, it opens the bank manager account without valid credentials been needed.",,Cismaru Ana Maria,712020:43b2ecce-d352-4fc6-88a5-2a8374526fbf,,,,,,,,,MTFP-33,MTFP-34,MTFP-38,MTFP-33,,,,,,09/Jun/23 3:10 PM;712020:43b2ecce-d352-4fc6-88a5-2a8374526fbf;bankmanager login.jpg;https://cismaruanamaria.atlassian.net/rest/api/3/attachment/content/10005,,,,,,,,,,MTFP-2,Create the Bank Manager Login section,,,,,,,0|i0007j:,,Critical,MTFP Sprint 1,,,,,,,,,,11/Jun/23 1:20 PM;712020:43b2ecce-d352-4fc6-88a5-2a8374526fbf;The bug was fixed due to the development implication team and now the bank manager user can login using valid credentials.,,,Done
Create Bank Manager login section,MTFP-34,10033,,Story,Done,MTFP,Manual Testing Final Project,software,Cismaru Ana Maria,712020:43b2ecce-d352-4fc6-88a5-2a8374526fbf,,Highest,Done,Cismaru Ana Maria,712020:43b2ecce-d352-4fc6-88a5-2a8374526fbf,Cismaru Ana Maria,712020:43b2ecce-d352-4fc6-88a5-2a8374526fbf,Cismaru Ana Maria,712020:43b2ecce-d352-4fc6-88a5-2a8374526fbf,09/Jun/23 2:50 PM,12/Jun/23 11:10 PM,12/Jun/23 11:10 PM,12/Jun/23 11:10 PM,,Create XYZ Bank application,,0,BankManager,Login,,As a user i want to be able to login into the bank manager section using valid credentials.,,Cismaru Ana Maria,712020:43b2ecce-d352-4fc6-88a5-2a8374526fbf,,,,,,,,,,,MTFP-35,MTFP-33,,,,,,,,,,,,,,,,MTFP-2,Create the Bank Manager Login section,,,,,,,0|i0007b:,,,MTFP Sprint 1,,,,,,,,,,,,,Done
Verify if you can login into the XYZ bank app in the bank manager section,MTFP-33,10032,,Test,Done,MTFP,Manual Testing Final Project,software,Cismaru Ana Maria,712020:43b2ecce-d352-4fc6-88a5-2a8374526fbf,,Medium,Done,Cismaru Ana Maria,712020:43b2ecce-d352-4fc6-88a5-2a8374526fbf,Cismaru Ana Maria,712020:43b2ecce-d352-4fc6-88a5-2a8374526fbf,Cismaru Ana Maria,712020:43b2ecce-d352-4fc6-88a5-2a8374526fbf,09/Jun/23 2:46 PM,12/Jun/23 10:47 PM,12/Jun/23 10:46 PM,11/Jun/23 2:09 PM,,,,0,,,,As a user I want to be able to login into the XYZ Bank application into the bank manager section using valid credentials.,,Cismaru Ana Maria,712020:43b2ecce-d352-4fc6-88a5-2a8374526fbf,,,,,,,,,MTFP-35,MTFP-34,MTFP-35,,,,,,,09/Jun/23 2:44 PM;712020:43b2ecce-d352-4fc6-88a5-2a8374526fbf;Home screen.jpg;https://cismaruanamaria.atlassian.net/rest/api/3/attachment/content/10004,,,,,,,,,,MTFP-2,Create the Bank Manager Login section,,,,,,,0|i00073:,,,,,,,,,,,,,,,,Done
Create Withdraw button,MTFP-32,10031,10021,Sub-task,To Do,MTFP,Manual Testing Final Project,software,Cismaru Ana Maria,712020:43b2ecce-d352-4fc6-88a5-2a8374526fbf,,Medium,,Cismaru Ana Maria,712020:43b2ecce-d352-4fc6-88a5-2a8374526fbf,Cismaru Ana Maria,712020:43b2ecce-d352-4fc6-88a5-2a8374526fbf,Cismaru Ana Maria,712020:43b2ecce-d352-4fc6-88a5-2a8374526fbf,05/Jun/23 6:46 PM,05/Jun/23 6:48 PM,05/Jun/23 6:57 PM,,,Create XYZ Bank application,,0,,,,"The customer should enter the amount he wants to withdrawn and press the Withdraw button.  If he has the amount into the bank account, the operantion will succede and the message “Transaction successful” will be shown, if not, then the message will be displayed: Transaction Fieled. You can not withdraw amount more then your current balance.",,Cismaru Ana Maria,712020:43b2ecce-d352-4fc6-88a5-2a8374526fbf,,,,,,,,,,,,,,,,,,,,,,,,,,,,,,,,,,,,0|i0006v:,,,MTFP Sprint 1,,,,,,,,,,,10021,Create Withdrawal section,To Do
Create Amount to be withdrawn field,MTFP-31,10030,10021,Sub-task,To Do,MTFP,Manual Testing Final Project,software,Cismaru Ana Maria,712020:43b2ecce-d352-4fc6-88a5-2a8374526fbf,,Medium,,Cismaru Ana Maria,712020:43b2ecce-d352-4fc6-88a5-2a8374526fbf,Cismaru Ana Maria,712020:43b2ecce-d352-4fc6-88a5-2a8374526fbf,Cismaru Ana Maria,712020:43b2ecce-d352-4fc6-88a5-2a8374526fbf,05/Jun/23 6:46 PM,05/Jun/23 6:47 PM,13/Jun/23 5:16 PM,,,Create XYZ Bank application,,0,,,,"The customer should enter the amount he wants to withdrawn and if he has the amount into the bank account, the operantion will succede and the message “Transaction successful” will be shown, if not, then the message will be displayed: Transaction Fieled. You can not withdraw amount more then your current balance.",,Cismaru Ana Maria,712020:43b2ecce-d352-4fc6-88a5-2a8374526fbf,,,,,,,,,,,,,,,,,,,,,,,,,,,,,,,,,,,,0|i0006n:,,,MTFP Sprint 1,,,,,,,,,,,10021,Create Withdrawal section,To Do
Create Deposit button,MTFP-30,10029,10020,Sub-task,Done,MTFP,Manual Testing Final Project,software,Cismaru Ana Maria,712020:43b2ecce-d352-4fc6-88a5-2a8374526fbf,,Medium,Done,Cismaru Ana Maria,712020:43b2ecce-d352-4fc6-88a5-2a8374526fbf,Cismaru Ana Maria,712020:43b2ecce-d352-4fc6-88a5-2a8374526fbf,Cismaru Ana Maria,712020:43b2ecce-d352-4fc6-88a5-2a8374526fbf,05/Jun/23 6:40 PM,05/Jun/23 6:55 PM,05/Jun/23 6:55 PM,05/Jun/23 6:55 PM,,Create XYZ Bank application,,0,,,,After the customer enters the amount he needs to press the Deposit button and a message will be seen : “Deposit Successful”.,,Cismaru Ana Maria,712020:43b2ecce-d352-4fc6-88a5-2a8374526fbf,,,,,,,,,,,,,,,,,,,,,,,,,,,,,,,,,,,,0|i0006f:,,,MTFP Sprint 1,,,,,,,,,,,10020,Create Deposit section,Done
Create Amount to be deposited field,MTFP-29,10028,10020,Sub-task,Done,MTFP,Manual Testing Final Project,software,Cismaru Ana Maria,712020:43b2ecce-d352-4fc6-88a5-2a8374526fbf,,Medium,Done,Cismaru Ana Maria,712020:43b2ecce-d352-4fc6-88a5-2a8374526fbf,Cismaru Ana Maria,712020:43b2ecce-d352-4fc6-88a5-2a8374526fbf,Cismaru Ana Maria,712020:43b2ecce-d352-4fc6-88a5-2a8374526fbf,05/Jun/23 6:39 PM,05/Jun/23 6:55 PM,05/Jun/23 6:55 PM,05/Jun/23 6:55 PM,,Create XYZ Bank application,,0,,,,"The customer can make a deposit by selecting the Deposit section. A filed will open with the Amount to be deposited name and he can enter there the amount he want to deposit into his own bank account. The amount he can enter will be numeric type, maximum the equivalent of  10.000 per day.",,Cismaru Ana Maria,712020:43b2ecce-d352-4fc6-88a5-2a8374526fbf,,,,,,,,,,,,,,,,,,,,,,,,,,,,,,,,,,,,0|i00067:,,,MTFP Sprint 1,,,,,,,,,,,10020,Create Deposit section,Done
Create the calendar modal where the customer can select the date time he needs to check,MTFP-28,10027,10019,Sub-task,To Do,MTFP,Manual Testing Final Project,software,Cismaru Ana Maria,712020:43b2ecce-d352-4fc6-88a5-2a8374526fbf,,Medium,,Cismaru Ana Maria,712020:43b2ecce-d352-4fc6-88a5-2a8374526fbf,Cismaru Ana Maria,712020:43b2ecce-d352-4fc6-88a5-2a8374526fbf,Cismaru Ana Maria,712020:43b2ecce-d352-4fc6-88a5-2a8374526fbf,05/Jun/23 6:34 PM,05/Jun/23 6:38 PM,13/Jun/23 5:16 PM,,,Create XYZ Bank application,,0,,,,A customer will have two fields where he can choose the time x to time y that will shown the transactions that were made between that period.,,Cismaru Ana Maria,712020:43b2ecce-d352-4fc6-88a5-2a8374526fbf,,,,,,,,,,,,,,,,,,,,,,,,,,,,,,,,,,,,0|i0005z:,,,MTFP Sprint 1,,,,,,,,,,,10019,Create Transaction section,To Do
Create the Resete button,MTFP-27,10026,10019,Sub-task,In Progress,MTFP,Manual Testing Final Project,software,Cismaru Ana Maria,712020:43b2ecce-d352-4fc6-88a5-2a8374526fbf,,Medium,,Cismaru Ana Maria,712020:43b2ecce-d352-4fc6-88a5-2a8374526fbf,Cismaru Ana Maria,712020:43b2ecce-d352-4fc6-88a5-2a8374526fbf,Cismaru Ana Maria,712020:43b2ecce-d352-4fc6-88a5-2a8374526fbf,05/Jun/23 6:34 PM,05/Jun/23 6:54 PM,13/Jun/23 5:16 PM,,,Create XYZ Bank application,,0,,,,A customer should be able to reset all his transactions of his own bank account by pressing the Reset button.,,Cismaru Ana Maria,712020:43b2ecce-d352-4fc6-88a5-2a8374526fbf,,,,,,,,,,,,,,,,,,,,,,,,,,,,,,,,,,,,0|i0005r:,,,MTFP Sprint 1,,,,,,,,,,,10019,Create Transaction section,In Progress
Create the Back button,MTFP-26,10025,10019,Sub-task,In Progress,MTFP,Manual Testing Final Project,software,Cismaru Ana Maria,712020:43b2ecce-d352-4fc6-88a5-2a8374526fbf,,Low,,Cismaru Ana Maria,712020:43b2ecce-d352-4fc6-88a5-2a8374526fbf,Cismaru Ana Maria,712020:43b2ecce-d352-4fc6-88a5-2a8374526fbf,Cismaru Ana Maria,712020:43b2ecce-d352-4fc6-88a5-2a8374526fbf,05/Jun/23 6:34 PM,05/Jun/23 6:54 PM,05/Jun/23 6:54 PM,,,Create XYZ Bank application,,0,,,,The Back button will help the customer to go return to the main section.,,Cismaru Ana Maria,712020:43b2ecce-d352-4fc6-88a5-2a8374526fbf,,,,,,,,,,,,,,,,,,,,,,,,,,,,,,,,,,,,0|i0005j:,,,MTFP Sprint 1,,,,,,,,,,,10019,Create Transaction section,In Progress
Create Transaction type field,MTFP-25,10024,10019,Sub-task,Done,MTFP,Manual Testing Final Project,software,Cismaru Ana Maria,712020:43b2ecce-d352-4fc6-88a5-2a8374526fbf,,Medium,Done,Cismaru Ana Maria,712020:43b2ecce-d352-4fc6-88a5-2a8374526fbf,Cismaru Ana Maria,712020:43b2ecce-d352-4fc6-88a5-2a8374526fbf,Cismaru Ana Maria,712020:43b2ecce-d352-4fc6-88a5-2a8374526fbf,05/Jun/23 6:27 PM,05/Jun/23 6:54 PM,05/Jun/23 6:54 PM,05/Jun/23 6:54 PM,,Create XYZ Bank application,,0,,,,"The transaction type field will be displayed after entering the customer login section, the name of the customer will be selected and the the transaction section will be checked. The transaction type will show the type of the transaction that were made on the selected bank account, either they are credit or debit type.",,Cismaru Ana Maria,712020:43b2ecce-d352-4fc6-88a5-2a8374526fbf,,,,,,,,,,,,,,,,,,,,,,,,,,,,,,,,,,,,0|i0005b:,,,MTFP Sprint 1,,,,,,,,,,,10019,Create Transaction section,Done
Create Amount field,MTFP-24,10023,10019,Sub-task,Done,MTFP,Manual Testing Final Project,software,Cismaru Ana Maria,712020:43b2ecce-d352-4fc6-88a5-2a8374526fbf,,Medium,Done,Cismaru Ana Maria,712020:43b2ecce-d352-4fc6-88a5-2a8374526fbf,Cismaru Ana Maria,712020:43b2ecce-d352-4fc6-88a5-2a8374526fbf,Cismaru Ana Maria,712020:43b2ecce-d352-4fc6-88a5-2a8374526fbf,05/Jun/23 6:27 PM,05/Jun/23 6:54 PM,05/Jun/23 6:54 PM,05/Jun/23 6:54 PM,,Create XYZ Bank application,,0,,,,,,Cismaru Ana Maria,712020:43b2ecce-d352-4fc6-88a5-2a8374526fbf,,,,,,,,,,,,,,,,,,,,,,,,,,,,,,,,,,,,0|i00053:,,,MTFP Sprint 1,,,,,,,,,,,10019,Create Transaction section,Done
Create Date-Time field,MTFP-23,10022,10019,Sub-task,To Do,MTFP,Manual Testing Final Project,software,Cismaru Ana Maria,712020:43b2ecce-d352-4fc6-88a5-2a8374526fbf,,Medium,,Cismaru Ana Maria,712020:43b2ecce-d352-4fc6-88a5-2a8374526fbf,Cismaru Ana Maria,712020:43b2ecce-d352-4fc6-88a5-2a8374526fbf,Cismaru Ana Maria,712020:43b2ecce-d352-4fc6-88a5-2a8374526fbf,05/Jun/23 6:26 PM,05/Jun/23 6:27 PM,13/Jun/23 5:16 PM,,,Create XYZ Bank application,,0,,,,,,Cismaru Ana Maria,712020:43b2ecce-d352-4fc6-88a5-2a8374526fbf,,,,,,,,,,,,,,,,,,,,,,,,,,,,,,,,,,,,0|i0004v:,,,MTFP Sprint 1,,,,,,,,,,,10019,Create Transaction section,To Do
Create Withdrawal section,MTFP-22,10021,,Story,Done,MTFP,Manual Testing Final Project,software,Cismaru Ana Maria,712020:43b2ecce-d352-4fc6-88a5-2a8374526fbf,,Medium,Done,Cismaru Ana Maria,712020:43b2ecce-d352-4fc6-88a5-2a8374526fbf,Cismaru Ana Maria,712020:43b2ecce-d352-4fc6-88a5-2a8374526fbf,Cismaru Ana Maria,712020:43b2ecce-d352-4fc6-88a5-2a8374526fbf,05/Jun/23 6:23 PM,12/Jun/23 11:10 PM,12/Jun/23 11:10 PM,12/Jun/23 11:10 PM,,Create XYZ Bank application,,0,,,,"* The Withdrawal section will display the amount to be Withdrawn message after pressing on the Withdrawal section. The customer should enter the amount he wants to withdrawn and if he has the amount into the bank account, the operantion will succede and the message “Transaction successful” will be shown, if not, then the message will be displayed: Transaction Fieled. You can not withdraw amount more then your current balance.",,Cismaru Ana Maria,712020:43b2ecce-d352-4fc6-88a5-2a8374526fbf,,,,,,,,,,,MTFP-67,MTFP-63,MTFP-65,MTFP-64,,,,,,,,,,,,,,MTFP-3,Create the Customer Login section ,,,,,,,0|i0004n:,,,MTFP Sprint 1,,,,,,,,,,,,,Done
Create Deposit section,MTFP-21,10020,,Story,Done,MTFP,Manual Testing Final Project,software,Cismaru Ana Maria,712020:43b2ecce-d352-4fc6-88a5-2a8374526fbf,,Medium,Done,Cismaru Ana Maria,712020:43b2ecce-d352-4fc6-88a5-2a8374526fbf,Cismaru Ana Maria,712020:43b2ecce-d352-4fc6-88a5-2a8374526fbf,Cismaru Ana Maria,712020:43b2ecce-d352-4fc6-88a5-2a8374526fbf,05/Jun/23 6:23 PM,12/Jun/23 11:09 PM,12/Jun/23 11:09 PM,12/Jun/23 11:09 PM,,Create XYZ Bank application,,0,,,,* The customer can make a deposit by selecting the Deposit section. A filed will open with the Amount to be deposited name and he can enter there the amount he want to deposit into his own bank account. After the customer enters the amount he needs to press the Deposit button and a message will be seen : “Deposit Successful”.,,Cismaru Ana Maria,712020:43b2ecce-d352-4fc6-88a5-2a8374526fbf,,,,,,,,,,,MTFP-66,MTFP-62,MTFP-61,,,,,,,,,,,,,,,MTFP-3,Create the Customer Login section ,,,,,,,0|i0004f:,,,MTFP Sprint 1,,,,,,,,,,,,,Done
Create Transaction section,MTFP-20,10019,,Story,Done,MTFP,Manual Testing Final Project,software,Cismaru Ana Maria,712020:43b2ecce-d352-4fc6-88a5-2a8374526fbf,,Medium,Done,Cismaru Ana Maria,712020:43b2ecce-d352-4fc6-88a5-2a8374526fbf,Cismaru Ana Maria,712020:43b2ecce-d352-4fc6-88a5-2a8374526fbf,Cismaru Ana Maria,712020:43b2ecce-d352-4fc6-88a5-2a8374526fbf,05/Jun/23 6:23 PM,12/Jun/23 11:09 PM,12/Jun/23 11:09 PM,12/Jun/23 11:09 PM,,Create XYZ Bank application,,0,,,,"* Transactions – this section will show all the transaction that the customer has made by deposit or by withdrawal money. The transaction section will shown the following fields: Date-Time – that will show when the transaction was made by date and hour, the amount – will display the amount of money that were in the transaction and the Transaction type that will be either credit or debit type.",,Cismaru Ana Maria,712020:43b2ecce-d352-4fc6-88a5-2a8374526fbf,,,,,,,,,,,MTFP-59,MTFP-58,MTFP-57,,,,,,,,,,,,,,,MTFP-3,Create the Customer Login section ,,,,,,,0|i00047:,,,MTFP Sprint 1,,,,,,,,,,,,,Done
Create Customer login section,MTFP-19,10018,,Story,Done,MTFP,Manual Testing Final Project,software,Cismaru Ana Maria,712020:43b2ecce-d352-4fc6-88a5-2a8374526fbf,,Medium,Done,Cismaru Ana Maria,712020:43b2ecce-d352-4fc6-88a5-2a8374526fbf,Cismaru Ana Maria,712020:43b2ecce-d352-4fc6-88a5-2a8374526fbf,Cismaru Ana Maria,712020:43b2ecce-d352-4fc6-88a5-2a8374526fbf,05/Jun/23 6:22 PM,12/Jun/23 11:09 PM,12/Jun/23 11:09 PM,12/Jun/23 11:09 PM,,Create XYZ Bank application,,0,,,,"The customer can login and use the app only after the bank manager will create an customer account for him. After the customer is created into the system, the customer, client, can login by himself into the application by follow the next steps:

Go to the app: [XYZ Bank (globalsqa.com)|https://www.globalsqa.com/angularJs-protractor/BankingProject/#/account] select the customer login field, after that, select his own name in the field your name and press the Login button.",,Cismaru Ana Maria,712020:43b2ecce-d352-4fc6-88a5-2a8374526fbf,,,,,,,,,,,MTFP-36,MTFP-55,,,,,,,,,,,,,,,,MTFP-3,Create the Customer Login section ,,,,,,,0|i0003z:,,,MTFP Sprint 1,,,,,,,,,,,,,Done
Relate the customer section with the add customer and open account section,MTFP-18,10017,10015,Sub-task,Done,MTFP,Manual Testing Final Project,software,Cismaru Ana Maria,712020:43b2ecce-d352-4fc6-88a5-2a8374526fbf,,Medium,Done,Cismaru Ana Maria,712020:43b2ecce-d352-4fc6-88a5-2a8374526fbf,Cismaru Ana Maria,712020:43b2ecce-d352-4fc6-88a5-2a8374526fbf,Cismaru Ana Maria,712020:43b2ecce-d352-4fc6-88a5-2a8374526fbf,05/Jun/23 5:33 PM,11/Jun/23 1:22 PM,13/Jun/23 5:16 PM,11/Jun/23 1:22 PM,,Create XYZ Bank application,,0,,,,"The customer section it’s created to see the details of all the customers and their bank account and it should take all those dates from the system. 

The customer section should display the customer id, first name, last name, ssn, bank account, currency of all the customer and the bank manager has the right to delete any of those customers in the limit of the low, based on the bank protocol that exists.",,Cismaru Ana Maria,712020:43b2ecce-d352-4fc6-88a5-2a8374526fbf,,,,,,,,,,,,,,,,,,05/Jun/23 5:38 PM;712020:43b2ecce-d352-4fc6-88a5-2a8374526fbf;customers section.jpg;https://cismaruanamaria.atlassian.net/rest/api/3/attachment/content/10001,,,,,,,,,,,,,,,,,,0|i0003r:,,,MTFP Sprint 1,,,,,,,,,,,10015,Create Customer section,Done
Create the Delete customer button,MTFP-17,10016,10015,Sub-task,Done,MTFP,Manual Testing Final Project,software,Cismaru Ana Maria,712020:43b2ecce-d352-4fc6-88a5-2a8374526fbf,,Medium,Done,Cismaru Ana Maria,712020:43b2ecce-d352-4fc6-88a5-2a8374526fbf,Cismaru Ana Maria,712020:43b2ecce-d352-4fc6-88a5-2a8374526fbf,Cismaru Ana Maria,712020:43b2ecce-d352-4fc6-88a5-2a8374526fbf,05/Jun/23 5:30 PM,11/Jun/23 1:22 PM,13/Jun/23 5:16 PM,11/Jun/23 1:22 PM,,,,0,,,,"* Delete customer – when the bank manager want s to delete a customer, he can be able to do that only by pressing the delete button.",,Cismaru Ana Maria,712020:43b2ecce-d352-4fc6-88a5-2a8374526fbf,,,,,,,,,,,,,,,,,,,,,,,,,,,,,,,,,,,,0|i0003j:,,,MTFP Sprint 1,,,,,,,,,,,10015,Create Customer section,Done
Create Customer section,MTFP-16,10015,,Story,Done,MTFP,Manual Testing Final Project,software,Cismaru Ana Maria,712020:43b2ecce-d352-4fc6-88a5-2a8374526fbf,,Highest,Done,Cismaru Ana Maria,712020:43b2ecce-d352-4fc6-88a5-2a8374526fbf,Cismaru Ana Maria,712020:43b2ecce-d352-4fc6-88a5-2a8374526fbf,Cismaru Ana Maria,712020:43b2ecce-d352-4fc6-88a5-2a8374526fbf,05/Jun/23 5:29 PM,12/Jun/23 11:09 PM,12/Jun/23 11:08 PM,12/Jun/23 11:09 PM,,Create XYZ Bank application,,0,AddCustomer,BankManager,,"When pressing the customer section it should be a list with all the customers that have been created and the list should contain the details of the customer and the possibility to delete the customer from the bank fields.

The section should contain the following fields: Customer ID, First name, Last name, SSN, Account number, Currency and the delete button.",,Cismaru Ana Maria,712020:43b2ecce-d352-4fc6-88a5-2a8374526fbf,,,,,,,,,,,MTFP-54,MTFP-60,MTFP-56,MTFP-53,MTFP-51,MTFP-52,,,,,,,,,,,,MTFP-2,Create the Bank Manager Login section,,,,,,,0|i0003b:,,,MTFP Sprint 1,,,,,,,,,,,,,Done
Create Process button,MTFP-15,10014,10010,Sub-task,Done,MTFP,Manual Testing Final Project,software,Cismaru Ana Maria,712020:43b2ecce-d352-4fc6-88a5-2a8374526fbf,,Medium,Done,Cismaru Ana Maria,712020:43b2ecce-d352-4fc6-88a5-2a8374526fbf,Cismaru Ana Maria,712020:43b2ecce-d352-4fc6-88a5-2a8374526fbf,Cismaru Ana Maria,712020:43b2ecce-d352-4fc6-88a5-2a8374526fbf,05/Jun/23 3:29 PM,11/Jun/23 1:22 PM,13/Jun/23 5:16 PM,11/Jun/23 1:22 PM,,,,0,,,,* Process button – press the process button to can successfully open an account. The message should be desplay: “Account created successfully with account Number: “,,Cismaru Ana Maria,712020:43b2ecce-d352-4fc6-88a5-2a8374526fbf,,,,,,,,,,,,,,,,,,,,,,,,,,,,,,,,,,,,0|i00033:,,,MTFP Sprint 1,,,,,,,,,,,10010,Open Account section,Done
Create Personal numeric code field,MTFP-14,10013,10010,Sub-task,Done,MTFP,Manual Testing Final Project,software,Cismaru Ana Maria,712020:43b2ecce-d352-4fc6-88a5-2a8374526fbf,,Medium,Done,Cismaru Ana Maria,712020:43b2ecce-d352-4fc6-88a5-2a8374526fbf,Cismaru Ana Maria,712020:43b2ecce-d352-4fc6-88a5-2a8374526fbf,Cismaru Ana Maria,712020:43b2ecce-d352-4fc6-88a5-2a8374526fbf,05/Jun/23 3:29 PM,11/Jun/23 1:21 PM,13/Jun/23 5:16 PM,11/Jun/23 1:21 PM,,,,0,,,,* Personal Numeric Code – enter the personal numeric code that was automatically sent to your email address when you have created a new customer. It is a numeric code formed by 7 numbers. This field is a required field.,,Cismaru Ana Maria,712020:43b2ecce-d352-4fc6-88a5-2a8374526fbf,,,,,,,,,,,,,,,,,,,,,,,,,,,,,,,,,,,,0|i0002v:,,,MTFP Sprint 1,,,,,,,,,,,10010,Open Account section,Done
Create Currency field,MTFP-13,10012,10010,Sub-task,In Progress,MTFP,Manual Testing Final Project,software,Cismaru Ana Maria,712020:43b2ecce-d352-4fc6-88a5-2a8374526fbf,,Medium,,Cismaru Ana Maria,712020:43b2ecce-d352-4fc6-88a5-2a8374526fbf,Cismaru Ana Maria,712020:43b2ecce-d352-4fc6-88a5-2a8374526fbf,Cismaru Ana Maria,712020:43b2ecce-d352-4fc6-88a5-2a8374526fbf,05/Jun/23 3:29 PM,05/Jun/23 6:53 PM,13/Jun/23 5:16 PM,,,,,0,,,,* Currency: - you should be able to choose from the drop down the actual currency that you want your account to have. You can choose it from the drop down list with all the currency existing at this time. This field is a required field.,,Cismaru Ana Maria,712020:43b2ecce-d352-4fc6-88a5-2a8374526fbf,,,,,,,,,,,,,,,,,,,,,,,,,,,,,,,,,,,,0|i0002n:,,,MTFP Sprint 1,,,,,,,,,,,10010,Open Account section,In Progress
Create Customer field ,MTFP-12,10011,10010,Sub-task,Done,MTFP,Manual Testing Final Project,software,Cismaru Ana Maria,712020:43b2ecce-d352-4fc6-88a5-2a8374526fbf,,Medium,Done,Cismaru Ana Maria,712020:43b2ecce-d352-4fc6-88a5-2a8374526fbf,Cismaru Ana Maria,712020:43b2ecce-d352-4fc6-88a5-2a8374526fbf,Cismaru Ana Maria,712020:43b2ecce-d352-4fc6-88a5-2a8374526fbf,05/Jun/23 3:29 PM,11/Jun/23 1:21 PM,13/Jun/23 5:16 PM,11/Jun/23 1:21 PM,,,,0,,,,* Customer – you should choose the new customer’s name that you have created previously. You can either type or select it from the drop down. This field is a required field.,,Cismaru Ana Maria,712020:43b2ecce-d352-4fc6-88a5-2a8374526fbf,,,,,,,,,,,,,,,,,,,,,,,,,,,,,,,,,,,,0|i0002f:,,,MTFP Sprint 1,,,,,,,,,,,10010,Open Account section,Done
Open Account section,MTFP-11,10010,,Story,Done,MTFP,Manual Testing Final Project,software,Cismaru Ana Maria,712020:43b2ecce-d352-4fc6-88a5-2a8374526fbf,,Highest,Done,Cismaru Ana Maria,712020:43b2ecce-d352-4fc6-88a5-2a8374526fbf,Cismaru Ana Maria,712020:43b2ecce-d352-4fc6-88a5-2a8374526fbf,Cismaru Ana Maria,712020:43b2ecce-d352-4fc6-88a5-2a8374526fbf,05/Jun/23 3:25 PM,12/Jun/23 11:08 PM,12/Jun/23 11:08 PM,12/Jun/23 11:08 PM,,Create XYZ Bank application,,0,BankManager,,,"As a customer or a bank manager I want to be able to open an account. All I need is to go to open account sectio and the following fields will appear into the modal: customer, currency, personal numeric code. After all those fields were completed, I can press the Process button and the account will be created and will show the message: “Account created successfully with account Number: “",,Cismaru Ana Maria,712020:43b2ecce-d352-4fc6-88a5-2a8374526fbf,,,,,,,,,,,MTFP-49,MTFP-50,MTFP-44,MTFP-45,MTFP-46,MTFP-47,MTFP-48,,,,,,,,,,,MTFP-2,Create the Bank Manager Login section,,,,,,,0|i00027:,,,MTFP Sprint 1,,,,,,,,,,,,,Done
Create Add Customer button,MTFP-10,10009,10003,Sub-task,In Progress,MTFP,Manual Testing Final Project,software,Cismaru Ana Maria,712020:43b2ecce-d352-4fc6-88a5-2a8374526fbf,,Medium,,Cismaru Ana Maria,712020:43b2ecce-d352-4fc6-88a5-2a8374526fbf,Cismaru Ana Maria,712020:43b2ecce-d352-4fc6-88a5-2a8374526fbf,Cismaru Ana Maria,712020:43b2ecce-d352-4fc6-88a5-2a8374526fbf,05/Jun/23 3:19 PM,05/Jun/23 3:22 PM,13/Jun/23 5:16 PM,,,Create XYZ Bank application,,0,,,,"* Add Customer button – should be white and when hover should be grey. After all the fields valid and completed and the user press add customer button, the message will be displayed: Customer added successfully with customer id:(the customer ‘s number).
* If you try to create a new customer without complete all the fields, then a message will be displayed: “Please fill out this field”.",,Cismaru Ana Maria,712020:43b2ecce-d352-4fc6-88a5-2a8374526fbf,,,,,,,,,,,,,,,,,,,,,,,,,,,,,,,,,,,,0|i0001z:,,,MTFP Sprint 1,,,,,,,,,,,10003,Create Add Customer section into Bank Manager Login section,In Progress
Create Email address field,MTFP-9,10008,10003,Sub-task,In Progress,MTFP,Manual Testing Final Project,software,Cismaru Ana Maria,712020:43b2ecce-d352-4fc6-88a5-2a8374526fbf,,Medium,,Cismaru Ana Maria,712020:43b2ecce-d352-4fc6-88a5-2a8374526fbf,Cismaru Ana Maria,712020:43b2ecce-d352-4fc6-88a5-2a8374526fbf,Cismaru Ana Maria,712020:43b2ecce-d352-4fc6-88a5-2a8374526fbf,05/Jun/23 3:19 PM,11/Jun/23 1:21 PM,13/Jun/23 5:16 PM,,,Create XYZ Bank application,,0,,,,"* Email address: the customer should enter his valid email address. When the add customer button it’s pressed, an automatically email will be send to the new customer, that will be needed when he will open a new account.",,Cismaru Ana Maria,712020:43b2ecce-d352-4fc6-88a5-2a8374526fbf,,,,,,,,,,,,,,,,,,,,,,,,,,,,,,,,,,,,0|i0001r:,,,MTFP Sprint 1,,,,,,,,,,,10003,Create Add Customer section into Bank Manager Login section,In Progress
Create SSN field,MTFP-8,10007,10003,Sub-task,In Progress,MTFP,Manual Testing Final Project,software,Cismaru Ana Maria,712020:43b2ecce-d352-4fc6-88a5-2a8374526fbf,,Medium,,Cismaru Ana Maria,712020:43b2ecce-d352-4fc6-88a5-2a8374526fbf,Cismaru Ana Maria,712020:43b2ecce-d352-4fc6-88a5-2a8374526fbf,Cismaru Ana Maria,712020:43b2ecce-d352-4fc6-88a5-2a8374526fbf,05/Jun/23 3:19 PM,05/Jun/23 6:52 PM,13/Jun/23 5:16 PM,,,Create XYZ Bank application,,0,,,,"* SSN (Social Security Number) - the customer should enter his real SSN, that will be formed by numeric characters. The field it’s a required field, so a new customer can’t be created without complete the field.",,Cismaru Ana Maria,712020:43b2ecce-d352-4fc6-88a5-2a8374526fbf,,,,,,,,,,,,,,,,,,,,,,,,,,,,,,,,,,,,0|i0001j:,,,MTFP Sprint 1,,,,,,,,,,,10003,Create Add Customer section into Bank Manager Login section,In Progress
Create Post code field,MTFP-7,10006,10003,Sub-task,Done,MTFP,Manual Testing Final Project,software,Cismaru Ana Maria,712020:43b2ecce-d352-4fc6-88a5-2a8374526fbf,,Medium,Done,Cismaru Ana Maria,712020:43b2ecce-d352-4fc6-88a5-2a8374526fbf,Cismaru Ana Maria,712020:43b2ecce-d352-4fc6-88a5-2a8374526fbf,Cismaru Ana Maria,712020:43b2ecce-d352-4fc6-88a5-2a8374526fbf,05/Jun/23 3:18 PM,11/Jun/23 1:21 PM,13/Jun/23 5:16 PM,11/Jun/23 1:21 PM,,Create XYZ Bank application,,0,,,,"The customer should enter his post code, that will be formed only by numeric characters. The field it’s a required field, so a new customer can’t be created without complete the field.",,Cismaru Ana Maria,712020:43b2ecce-d352-4fc6-88a5-2a8374526fbf,,,,,,,,,,,,,,,,,,,,,,,,,,,,,,,,,,,,0|i0001b:,,,MTFP Sprint 1,,,,,,,,,,,10003,Create Add Customer section into Bank Manager Login section,Done
Create First name field,MTFP-6,10005,10003,Sub-task,Done,MTFP,Manual Testing Final Project,software,Cismaru Ana Maria,712020:43b2ecce-d352-4fc6-88a5-2a8374526fbf,,Medium,Done,Cismaru Ana Maria,712020:43b2ecce-d352-4fc6-88a5-2a8374526fbf,Cismaru Ana Maria,712020:43b2ecce-d352-4fc6-88a5-2a8374526fbf,Cismaru Ana Maria,712020:43b2ecce-d352-4fc6-88a5-2a8374526fbf,05/Jun/23 3:13 PM,11/Jun/23 1:21 PM,13/Jun/23 5:16 PM,11/Jun/23 1:21 PM,,Create XYZ Bank application,,0,AddCustomer,BankManager,Login,"A customer should enter his real first name, that will be formed only with letters, no string. The field it’s a required field, so a new customer can’t be created without complete the field. ",,Cismaru Ana Maria,712020:43b2ecce-d352-4fc6-88a5-2a8374526fbf,,,,,,,,,,,,,,,,,,,,,,,,,,,,,,,,,,,,0|i00013:,,,MTFP Sprint 1,,,,,,,,,,,10003,Create Add Customer section into Bank Manager Login section,Done
Create Last Name field,MTFP-5,10004,10003,Sub-task,Done,MTFP,Manual Testing Final Project,software,Cismaru Ana Maria,712020:43b2ecce-d352-4fc6-88a5-2a8374526fbf,,Medium,Done,Cismaru Ana Maria,712020:43b2ecce-d352-4fc6-88a5-2a8374526fbf,Cismaru Ana Maria,712020:43b2ecce-d352-4fc6-88a5-2a8374526fbf,Cismaru Ana Maria,712020:43b2ecce-d352-4fc6-88a5-2a8374526fbf,05/Jun/23 3:13 PM,11/Jun/23 1:21 PM,13/Jun/23 5:16 PM,11/Jun/23 1:21 PM,,Create XYZ Bank application,,0,,,,"A customer should enter his real Last name, that will be formed only with letters, no string. The field it’s a required field, so a new customer can’t be created without complete the field. ",,Cismaru Ana Maria,712020:43b2ecce-d352-4fc6-88a5-2a8374526fbf,,,,,,,,,,,,,,,,,,,,,,,,,,,,,,,,,,,,0|i0000v:,,,MTFP Sprint 1,,,,,,,,,,,10003,Create Add Customer section into Bank Manager Login section,Done
Create Add Customer section into Bank Manager Login section,MTFP-4,10003,,Story,Done,MTFP,Manual Testing Final Project,software,Cismaru Ana Maria,712020:43b2ecce-d352-4fc6-88a5-2a8374526fbf,,Highest,Done,Cismaru Ana Maria,712020:43b2ecce-d352-4fc6-88a5-2a8374526fbf,Cismaru Ana Maria,712020:43b2ecce-d352-4fc6-88a5-2a8374526fbf,Cismaru Ana Maria,712020:43b2ecce-d352-4fc6-88a5-2a8374526fbf,05/Jun/23 3:00 PM,12/Jun/23 11:08 PM,12/Jun/23 11:08 PM,12/Jun/23 11:08 PM,,Create XYZ Bank application,,0,AddCustomer,Login,,"# Add Customer – when pressing the add customer button, the app will open the fields to can create a new customer. The modal will contain the following fields: First name, last name, post code, SSN, email address and the add customer button.",,Cismaru Ana Maria,712020:43b2ecce-d352-4fc6-88a5-2a8374526fbf,,,,,,,,,,,MTFP-37,MTFP-38,MTFP-39,MTFP-40,MTFP-41,MTFP-42,MTFP-43,,,,,,,,,,,MTFP-2,Create the Bank Manager Login section,,,,,,,0|i0000n:,,,MTFP Sprint 1,,,,,,,,,,,,,Done
Create the Customer Login section ,MTFP-3,10002,,Epic,Done,MTFP,Manual Testing Final Project,software,Cismaru Ana Maria,712020:43b2ecce-d352-4fc6-88a5-2a8374526fbf,,Highest,Done,Cismaru Ana Maria,712020:43b2ecce-d352-4fc6-88a5-2a8374526fbf,Cismaru Ana Maria,712020:43b2ecce-d352-4fc6-88a5-2a8374526fbf,Cismaru Ana Maria,712020:43b2ecce-d352-4fc6-88a5-2a8374526fbf,05/Jun/23 2:53 PM,12/Jun/23 8:08 PM,05/Jun/23 7:18 PM,05/Jun/23 6:51 PM,,Create XYZ Bank application,,0,CustomerLogin,Login,,"h5. The XYZ Bank app should be both used by the bank’s authorized personal, like the manager and by the customer directly.

h5. The customer can login and use the app only after the bank manager will create an customer account for him. After the customer is created into the system, the customer, client, can login by himself into the application by follow the next steps:

h5. Go to the app: [XYZ Bank (globalsqa.com)|https://www.globalsqa.com/angularJs-protractor/BankingProject/#/account] select the customer login field, after that, select his own name in the field your name and press the Login button.

h5. The customer section will then show the following fields: Transactions, Deposit, Withdrawal - section that the customer can check, the Logout and Home button.

h5. The account number, balance and currency will be also shown with the details of the moment shown. ",,Cismaru Ana Maria,712020:43b2ecce-d352-4fc6-88a5-2a8374526fbf,,,,,,,,,,,,,,,,,,05/Jun/23 2:52 PM;712020:43b2ecce-d352-4fc6-88a5-2a8374526fbf;Home screen.jpg;https://cismaruanamaria.atlassian.net/rest/api/3/attachment/content/10000,05/Jun/23 5:50 PM;712020:43b2ecce-d352-4fc6-88a5-2a8374526fbf;customer.jpg;https://cismaruanamaria.atlassian.net/rest/api/3/attachment/content/10002,,,,,,,,ghx-label-2,,,Create Customer Login section,To Do,,dark_yellow,,,0|i0000f:,,,MTFP Sprint 1,,,,,,,,,,,,,Done
Create the Bank Manager Login section,MTFP-2,10001,,Epic,Done,MTFP,Manual Testing Final Project,software,Cismaru Ana Maria,712020:43b2ecce-d352-4fc6-88a5-2a8374526fbf,,Highest,Done,Cismaru Ana Maria,712020:43b2ecce-d352-4fc6-88a5-2a8374526fbf,Cismaru Ana Maria,712020:43b2ecce-d352-4fc6-88a5-2a8374526fbf,Cismaru Ana Maria,712020:43b2ecce-d352-4fc6-88a5-2a8374526fbf,05/Jun/23 2:51 PM,12/Jun/23 1:51 AM,05/Jun/23 6:59 PM,05/Jun/23 6:51 PM,,Create XYZ Bank application,,0,BankManager,Login,,"h5. When entering the application it should display a screen with the possibility to select Bank Manager Login or Customer Login.The bank manager login section will be used to create a new customer, to open an new account and to have the a list with all the details of all the customers of the XYZ Bank.

The bank manager login section will contain the following: 

* Add customer section
* Open account section
* Customers section

h5. A customer should be able to login by himself into his own account only after the bank manager has created one for  the client.",,Cismaru Ana Maria,712020:43b2ecce-d352-4fc6-88a5-2a8374526fbf,,,,,,,,,,,,,,,,,,05/Jun/23 7:04 PM;712020:43b2ecce-d352-4fc6-88a5-2a8374526fbf;account created succesfully.jpg;https://cismaruanamaria.atlassian.net/rest/api/3/attachment/content/10003,,,,,,,,,ghx-label-11,,,Create Bank Manager Login section,To Do,,teal,,,0|i00007:,,,MTFP Sprint 1,,,,,,,,,,,,,Done
